,jsonid,label,headline_text,subject,speaker,speakerjobtitle,stateinfo,partyaffiliation,barelytruecounts,falsecounts,halftruecounts,mostlytrueocunts,pantsonfirecounts,context,clean,sentiment_vector,vader_polarity,sentiment_score
5,12465.json,true,The Chicago Bears have had more starting quarterbacks in the last 10 years than the total number of tenured (UW) faculty fired during the last two decades.,education,robin-vos,Wisconsin Assembly speaker,Wisconsin,republican,0.0,3.0,2.0,5.0,1.0,a an online opinion-piece,chicago bear start quarterback last year total number tenure uw faculty fire last two dead,"[0.335, 0.6, 0.065, -0.7506]",0,-0.7506
51,13210.json,barely-true,"Maggie Hassan raised tuition, making it the highest in America.",education,national-republican-senatorial-committee,0,0,republican,11.0,5.0,7.0,2.0,5.0,an ad,magi hassan rais tuition make highest america,"[0.0, 1.0, 0.0, 0.0]",0,0.0
97,7599.json,mostly-true,"The average student in Florida, what they actually pay out of pocket at our major universities for tuition is as much or less than what they spend on cellphones.",education,will-weatherford,State Representative,Florida,republican,2.0,3.0,4.0,3.0,0.0,a Board of Governors meeting,averag student florida actual pay pocket major univers tuition much le spend cellphone,"[0.104, 0.896, 0.0, -0.1027]",0,-0.1027
123,9500.json,mostly-true,"Gov. Rick Scott cut the cost of prepaid college tuition by nearly $20,000.",education,republican-party-florida,0,0,republican,10.0,6.0,6.0,6.0,4.0,a TV ad,gov rick scott cut cost prepaid college tuition near,"[0.208, 0.792, 0.0, -0.2732]",0,-0.2732
280,12497.json,true,"Since 1978, college tuition nationwide has gone up something like four times the rate of inflation.",education,scott-walker,Milwaukee County Executive,Wisconsin,republican,26.0,41.0,32.0,40.0,11.0,a radio interview,sinc college tuition nationwide gone cometh like four time rate inflate,"[0.0, 0.8, 0.2, 0.3612]",0,0.3612
282,4893.json,mostly-true,"Most of, if not all of, the [DeKalb school construction] projects always came in on or were under budget.",education,thomas-brown,0,Georgia,democrat,0.0,0.0,0.0,1.0,0.0,an interview,deal school construct project alway came budget,"[0.0, 1.0, 0.0, 0.0]",0,0.0
299,1665.json,mostly-true,"The proposed education changes ""will not cut one teacher's pay.""",education,florida-chamber-commerce,0,Florida,none,0.0,1.0,1.0,2.0,1.0,a television advertisement.,propos educ chang cut one teacher pay,"[0.412, 0.588, 0.0, -0.3612]",0,-0.3612
342,4332.json,half-true,Recent international reports show the United States near the bottom among industrialized nations for k-12 academic achievement.,education,chip-rogers,State Senator,Georgia,republican,1.0,0.0,1.0,1.0,0.0,a town hall meeting,recent intern report show unit state near bottom among industry nation k academy achiev,"[0.0, 1.0, 0.0, 0.0]",0,0.0
355,1616.json,half-true,"Last week the Texas State Board of Education (SBOE), led by Rick Perrys appointee, voted to remove Thomas Jefferson from social studies textbook standards. Thats right. Thomas Jefferson... was deleted from a list of historical figures who inspired political change.",education,bill-white,Former mayor of Houston,Texas,democrat,2.0,3.0,5.0,7.0,3.0,an e-mail,last week text state board educ shoe led rick peri appointed vote remov thomas jefferson social study textbook standard that right thomas jefferson delete list histor figure inspire polit chang,"[0.0, 0.887, 0.113, 0.5719]",0,0.5719
380,10931.json,half-true,"Since Republicans took over after the 2010 election, the graduation rate in Wisconsin has gone from 86 percent to 88 percent. The black graduation rate has gone from 60 percent to 65 percent. The Latino graduation rate has gone from 65 percent to 71 percent.",education,dale-kooyenga,State Representative,Wisconsin,republican,1.0,1.0,2.0,2.0,0.0,0,sinc republican took elect graduate rate wisconsin gone percent percent black graduate rate gone percent percent latino graduate rate gone percent percent,"[0.0, 1.0, 0.0, 0.0]",0,0.0
383,1702.json,mostly-true,"Florida teachers are ""already paid $5,000 below the national average.""",education,dan-gelber,0,Florida,democrat,2.0,2.0,1.0,3.0,0.0,a letter posted on his campaign Web site.,florida teacher already paid nation averag,"[0.0, 1.0, 0.0, 0.0]",0,0.0
387,3237.json,half-true,"Americans, in the last 30 years, have more than doubled the amount of money we are spending per child (on education) and the results have gotten worse, not better.",education,michelle-rhee,Founder and CEO of Students First,0,none,0.0,0.0,1.0,0.0,0.0,talking to Florida legislators.,american last year doubl amount money spend per child educ result gotten wors better,"[0.0, 0.818, 0.182, 0.4404]",0,0.4404
398,6674.json,mostly-true,Says Georgia will send more state money per child to state charter schools and that budget cuts are not applied to those charter schools.,education,herb-garrett,Executive Director of the Georgia School Superintendents Association,Georgia,none,0.0,0.0,0.0,1.0,0.0,a letter,say georgia send state money per child state charter school budget cut appli charter school,"[0.13, 0.87, 0.0, -0.2732]",0,-0.2732
402,9382.json,half-true,"Nathan Deal cut the HOPE scholarship program so that literally 100,000 Georgians will not be able to go to college or get technical training that they so badly needed to raise -- you know, give them a chance at a good job.",education,peter-shumlin,governor and chair of Democratic Governors Association,Vermont,democrat,0.0,0.0,1.0,0.0,0.0,MSNBC,nathan deal cut hope scholarship program liter georgian abl go college get technic train bad need rais know give chanc good job,"[0.19, 0.612, 0.197, 0.0516]",0,0.0516
488,8819.json,mostly-true,"In the entire public school system in Camden last year, only three students graduated college ready.",education,chris-christie,Governor of New Jersey,New Jersey,republican,10.0,17.0,27.0,19.0,8.0,his “State of the State” address,entire public school system camden last year three student graduate college ready,"[0.0, 0.815, 0.185, 0.3612]",0,0.3612
544,12473.json,pants-fire,Says she was the first in her family to go to a four-year college.,education,katie-mcginty,0,Pennsylvania,democrat,1.0,0.0,0.0,1.0,1.0,On the 'About' page of McGinty's campaign website,say first famili go four year college,"[0.0, 1.0, 0.0, 0.0]",0,0.0
554,5325.json,mostly-true,"Right now, 50 percent of Florida students leaving high school cannot read at grade level.",education,bill-proctor,state representative,Florida ,republican,0.0,0.0,0.0,1.0,0.0,a newspaper article,right percent florida student leav high school read grade level,"[0.0, 1.0, 0.0, 0.0]",0,0.0
601,12201.json,barely-true,Race to the Top grants require participating states to adopt the Common Core standards as a condition for receiving federal funding.,education,david-jolly,0,Florida,republican,4.0,0.0,1.0,1.0,0.0,a statement on his campaign website,race top grant requir participa state adopt common core standard condit receiv feder fund,"[0.0, 0.647, 0.353, 0.6124]",0,0.6124
614,3705.json,true,"Nearly 2,000 high schools - roughly 12 percent of all secondary schools in the United States - produce about half of the nations dropouts.",education,bobby-scott,U.S. Congressman,Virginia,democrat,1.0,2.0,1.0,5.0,0.0,a news release.,near high school rough percent secondary school unit state produc half nation dropout,"[0.0, 1.0, 0.0, 0.0]",0,0.0
623,3886.json,mostly-true,"Out of 150,000 tenured teachers in the last 10 years, only 17 have been dismissed for incompetence.",education,chris-christie,Governor of New Jersey,New Jersey,republican,10.0,17.0,27.0,19.0,8.0,a speech at the Harvard Graduate School of Education,tenure teacher last year dismiss income,"[0.0, 1.0, 0.0, 0.0]",0,0.0
660,239.json,true,"It used to be the policy of the Republican Party to get rid of the Department of Education. We finally get in charge and a chance to do something, so we double the size of the Department of Education.",education,ron-paul,U.S. representative,Texas,republican,5.0,8.0,8.0,8.0,3.0,"a debate in Johnston, Iowa",use police republican parti get rid depart educ final get charg chanc cometh doubl size depart educ,"[0.0, 1.0, 0.0, 0.0]",0,0.0
720,2106.json,false,"In Ohio, we invested in our children, raising school funding by 5.5 percent in the last budget.",education,ted-strickland,Former Ohio governor,Ohio,democrat,2.0,6.0,7.0,4.0,1.0,a campaign speech,ohio invest child rais school fund percent last budget,"[0.0, 1.0, 0.0, 0.0]",0,0.0
726,12391.json,pants-fire,"Says Demond Means, turnaround district superintendent for Milwaukee Public Schools, said the district needs to be gutted.",education,wisconsin-jobs-now,0,Wisconsin,none,0.0,0.0,0.0,0.0,1.0,a Facebook posting.,say demand mean turnaround district superintend milwaukee public school said district need gut,"[0.111, 0.889, 0.0, -0.128]",0,-0.128
781,4910.json,mostly-true,"They say teachers only make on averagein New Jersey 60,000 dollars a year.They only work 180 days.",education,chris-christie,Governor of New Jersey,New Jersey,republican,10.0,17.0,27.0,19.0,8.0,a speech at Notre Dame's law school,say teacher make average new jersey dollar year work day,"[0.0, 1.0, 0.0, 0.0]",0,0.0
822,9402.json,true,The numbers make it clear that Georgia voters are increasingly taking advantage of early voting opportunities.,education,brian-kemp,Secretary of State,Georgia,republican,0.0,2.0,0.0,0.0,0.0,statement,number make clear georgia voter increas take advantage early vote opportun,"[0.0, 0.576, 0.424, 0.5994]",0,0.5994
922,2977.json,false,Teachers are working their third consecutive year -- some longer than that -- without salary increases.,education,kitty-boitnott,"President, Virginia Education Association",Virgina,none,0.0,1.0,0.0,1.0,0.0,a news conference.,teacher work third connect year longer without salary increas,"[0.0, 1.0, 0.0, 0.0]",0,0.0
926,10986.json,mostly-true,"After (Jeb) Bushs two terms in office, Floridas graduation rate was dead last and remains near the bottom.",education,dan-gelber,0,Florida,democrat,2.0,2.0,1.0,3.0,0.0,a Miami Herald op-ed,jeb bush two term offic florida graduate rate dead last remain near bottom,"[0.264, 0.736, 0.0, -0.6486]",0,-0.6486
975,12086.json,mostly-true,"Arizona schools rank 45th in the nation, dead last in funding per student.",education,hillary-clinton,Presidential candidate,New York,democrat,40.0,29.0,69.0,76.0,7.0,a political advertisement that aired in Arizona.,arizona school rank th nation dead last fund per student,"[0.323, 0.677, 0.0, -0.6486]",0,-0.6486
1012,1163.json,pants-fire,"Schoolchildren across the nation ""will be forced to watch the president justify his plans for government-run health care, banks, and automobile companies, increasing taxes on those who create jobs, and racking up more debt than any other president.""",education,republican-party-florida,0,0,republican,10.0,6.0,6.0,6.0,4.0,a press release,schoolchildren across nation forc watch presid justify plan govern run health care bank automobile company increas tax creat job rack debt presid,"[0.097, 0.778, 0.125, 0.1779]",0,0.1779
1030,4083.json,pants-fire,Former Atlanta Public Schools Superintendent Beverly Hall left the school district significantly better than she found it.,education,shirley-franklin,0,Georgia,democrat,0.0,0.0,1.0,0.0,1.0,a blog post,former atlanta public school superintend never hall left school district significa better found,"[0.0, 0.805, 0.195, 0.4404]",0,0.4404
1088,9415.json,mostly-true,Graduation and third-grade reading scores are up in the state since I took office.,education,scott-walker,Milwaukee County Executive,Wisconsin,republican,26.0,41.0,32.0,40.0,11.0,a radio interview,graduate third grade read score state sinc took offic,"[0.0, 1.0, 0.0, 0.0]",0,0.0
1138,12665.json,barely-true,Says he voted to remove Common Core from our schools.,education,ritch-workman,State representative,Florida,republican,1.0,1.0,0.0,0.0,0.0,an online ad,say vote remov common core school,"[0.0, 1.0, 0.0, 0.0]",0,0.0
1187,2418.json,barely-true,Barnes opposed the creation of the HOPE Scholarship and campaigned against Zell Miller on the issue.,education,GaGOP,0,0,republican,2.0,1.0,1.0,0.0,0.0,GOP press release,barn oppos creation hope scholarship campaign zell miller issu,"[0.0, 0.583, 0.417, 0.6124]",0,0.6124
1207,3137.json,mostly-true,Says Texas ranks 44th nationally in education funding per pupil.,education,wendy-davis,state senator,Texas,democrat,5.0,1.0,8.0,12.0,1.0,a press release,say text rank th nation educ fund per pupil,"[0.0, 1.0, 0.0, 0.0]",0,0.0
1234,3332.json,half-true,"Says the state share of Texas public education spending increased 82 percent over the past decade, reaching $20 billion in 2009.",education,rick-perry,Governor,Texas,republican,30.0,30.0,42.0,23.0,18.0,his State of the State address.,say state share text public educ spend increas percent past dead reach billion,"[0.244, 0.568, 0.188, -0.4588]",0,-0.4588
1251,7850.json,true,Cuyahoga County passed a program to guarantee a college savings account for every single child who enters kindergarten in this county -- the first county in the United States to do so.,education,ed-fitzgerald,Cuyahoga County executive,Ohio,democrat,1.0,1.0,0.0,1.0,0.0,a campaign speech,cuyahoga county pass program guarantee college save account every singl child enter kindergarten county first county unit state,"[0.0, 0.755, 0.245, 0.6369]",0,0.6369
1278,12464.json,half-true,The University of Wisconsin System had a jobs-for-life tenure program for professors.,education,scott-walker,Milwaukee County Executive,Wisconsin,republican,26.0,41.0,32.0,40.0,11.0,a radio interview,univers wisconsin system job life tenure program professor,"[0.0, 1.0, 0.0, 0.0]",0,0.0
1344,12443.json,mostly-true,Only 50 percent of students from Milwaukee public high schools go on to a two-or four-year college.,education,vicki-martin,President of Milwaukee Area Technical College,Wisconsin,education-official,0.0,0.0,0.0,1.0,0.0,a presentation at a panel discussion,percent student milwaukee public high school go two four year college,"[0.0, 1.0, 0.0, 0.0]",0,0.0
1360,7821.json,barely-true,Says only 25 percent of Texas high school students graduate prepared for college or careers.,education,bill-hammond,"CEO, president, Texas Association of Business & Chambers of Commerce",Texas,republican,1.0,0.0,0.0,1.0,0.0,an Austin American-Statesman news story,say percent text high school student graduate prepar college career,"[0.0, 1.0, 0.0, 0.0]",0,0.0
1371,12591.json,mostly-true,Says Donald Trump literally has no plans to make higher education more affordable.,education,roberta-lange,"Chairwoman, Nevada Democrats",Nevada,democrat,0.0,0.0,0.0,1.0,0.0,a press release,say donald trump liter plan make higher educ afford,"[0.0, 1.0, 0.0, 0.0]",0,0.0
1441,12507.json,mostly-true,"The average student debt coming out of the University of Wisconsin-Madison is something like 28,000 dollars.",education,russ-feingold,0,Wisconsin,democrat,2.0,4.0,7.0,5.0,1.0,a speech,averag student debt come univers wisconsin madison cometh like dollar,"[0.192, 0.615, 0.192, 0.0]",0,0.0
1450,8057.json,mostly-true,"New school testing standards will consume approximately twenty days of testing for elementary, middle and high school students.",education,will-weatherford,State Representative,Florida,republican,2.0,3.0,4.0,3.0,0.0,a letter to Education Commissioner Tony Bennett,new school test standard consum approxi twenty day test elementary middle high school student,"[0.0, 1.0, 0.0, 0.0]",0,0.0
1469,3371.json,false,"Says nobody in higher education believes Gov. Rick Perrys proposal to serve up $10,000 college degrees is possible.",education,andy-brown,Attorney,Texas,democrat,0.0,1.0,0.0,1.0,0.0,a web post.,say nobody higher educ belief gov rick peri propos serv college degre possibl,"[0.0, 1.0, 0.0, 0.0]",0,0.0
1485,8509.json,true,Says Rick Scott didnt even come to his own education summit. But he did take time to go to the tea party convention the same week.,education,charlie-crist,0,Florida,democrat,15.0,9.0,20.0,19.0,2.0,a rally announcing his candidacy for governor,say rick scott didn even come educ summit take time go tea parti convent week,"[0.0, 1.0, 0.0, 0.0]",0,0.0
1501,5605.json,mostly-true,Says New Jersey has the most educated population of all the states in this country.,education,sheila-oliver,Assemblywoman,New Jersey,democrat,0.0,1.0,1.0,3.0,0.0,a speech at Rider University,say new jersey educ popul state country,"[0.0, 1.0, 0.0, 0.0]",0,0.0
1517,5493.json,true,Between 1982 and 2007 the cost of a college education increased 439 percent.,education,ron-wyden,U.S. Senator,Oregon,democrat,0.0,1.0,0.0,3.0,0.0,a news release,cost college educ increas percent,"[0.0, 1.0, 0.0, 0.0]",0,0.0
1598,6503.json,half-true,On supporting the charter school amendment.,education,john-barge,0,Georgia,republican,0.0,0.0,0.0,1.0,0.0,an announcement,support charter school amend,"[0.0, 0.526, 0.474, 0.4019]",0,0.4019
1656,1580.json,pants-fire,Says the Texas State Board of Education is considering eliminating references to Christmas and the Constitution in textbooks.,education,gretchen-carlson,"co-anchor on ""Fox & Friends""",Minnesota,none,1.0,1.0,0.0,0.0,1.0,an episode of Fox & Friends,say text state board educ consid elimi refer christmas constitute textbook,"[0.0, 1.0, 0.0, 0.0]",0,0.0
1681,11748.json,half-true,Weve lifted high school graduation rates to new highs.,education,barack-obama,President,Illinois,democrat,70.0,71.0,160.0,163.0,9.0,a State of the Union speech,weve lift high school graduate rate new high,"[0.0, 1.0, 0.0, 0.0]",0,0.0
1683,8400.json,barely-true,"When SACS came back to the DeKalb County School District to give a midterm review, we got straight As.",education,michael-thurmond,Labor Commissioner,Georgia,democrat,1.0,0.0,0.0,0.0,0.0,a community meeting,sac came back deal county school district give midterm review got straight,"[0.0, 0.853, 0.147, 0.2263]",0,0.2263
1751,808.json,false,"The centerpiece of Senator McCain's education policy is to increase the voucher program in D.C. by 2,000 slots.",education,barack-obama,President,Illinois,democrat,70.0,71.0,160.0,163.0,9.0,"a debate in Hempstead, N.Y.",centerpiece sent mccain educ police increas voucher program c slot,"[0.0, 1.0, 0.0, 0.0]",0,0.0
1906,5274.json,barely-true,Students today take more years to get through college.,education,newt-gingrich,"Co-host on CNN's ""Crossfire""",Georgia,republican,16.0,15.0,20.0,10.0,11.0,comments at a campaign event,student today take year get college,"[0.0, 1.0, 0.0, 0.0]",0,0.0
1975,12990.json,true,"SaysGOP U.S. Senate candidate Darryl Glenn wants to eliminate the Department of Education and jeopardize college fundingfor 320,000 Coloradans.",education,colorado-democratic-party,0,Colorado ,democrat,0.0,0.0,0.0,0.0,0.0,a news release ,saysgop u sent candid daryl glenn want elimi depart educ jeopardy college fundingfor colorado,"[0.201, 0.714, 0.084, -0.4215]",0,-0.4215
2023,108.json,false,"Rural schools enroll 40 percent of American children, but receive only 22 percent of federal education funding.",education,john-edwards,former senator,North Carolina,democrat,0.0,2.0,4.0,4.0,1.0,"Des Moines, Iowa.",rural school enroll percent american child receiv percent feder educ fund,"[0.0, 1.0, 0.0, 0.0]",0,0.0
2037,11993.json,half-true,"An economic impact study found that for every $1 invested in pre-K in Pennsylvania, a total of $1.79 is generated in total spending within the state.",education,jim-kenney,Philadelphia Mayor,Pennsylvania,democrat,1.0,0.0,1.0,0.0,0.0,a speech before the Greater Philadelphia Chamber of Commerce,econom impact study found every invest pre k pennsylvania total generat total spend within state,"[0.0, 1.0, 0.0, 0.0]",0,0.0
2081,2812.json,false,Portland Community College serves more students than all of the states universities combined.,education,portland-community-college,community college,Oregon,none,0.0,1.0,0.0,0.0,0.0,the college's website,portland community college serf student state univers combin,"[0.0, 1.0, 0.0, 0.0]",0,0.0
2126,9654.json,mostly-true,We are 49th in the nation for our graduation rate,education,dennis-richardson,state representative,Oregon,republican,0.0,4.0,1.0,2.0,0.0,a campaign debate,th nation graduate rate,"[0.0, 1.0, 0.0, 0.0]",0,0.0
2210,3554.json,false,Austins Pease Elementary is a school that was created as part of the Texas Constitution.,education,meria-carstarphen,"Superintendent, Austin Independent School District",Texas,none,0.0,1.0,0.0,0.0,0.0,a radio interview.,austin pea elementary school creat part text constitute,"[0.0, 1.0, 0.0, 0.0]",0,0.0
2285,9649.json,barely-true,"With Rick Scott, there are more funds for preschool education.",education,republican-party-florida,0,0,republican,10.0,6.0,6.0,6.0,4.0,a TV ad,rick scott fund preschool educ,"[0.0, 1.0, 0.0, 0.0]",0,0.0
2353,1654.json,true,The Senate Republican education plan is an unfunded mandate for local school districts.,education,alex-sink,0,Florida,democrat,1.0,2.0,2.0,4.0,0.0,a press release,sent republican educ plan unfound mandat local school district,"[0.0, 1.0, 0.0, 0.0]",0,0.0
2427,188.json,false,"The form students fill out to get college financial aid is ""longer than the form to get U.S. citizenship.""",education,bill-richardson,Governor,New Mexico,democrat,1.0,2.0,3.0,8.0,1.0,"Manchester, N.H.",form student fill get college financi aid longer form get u citizenship,"[0.0, 1.0, 0.0, 0.0]",0,0.0
2445,5637.json,barely-true,The (Jackson) plan (for reforming Cleveland schools) lacks any data or methods proven to raise student achievement.,education,ohio-federation-teachers,Labor union for school teachers,Ohio,none,1.0,0.0,0.0,0.0,0.0,a news release,jackson plan reform cleveland school lack data method proven rais student achiev,"[0.173, 0.827, 0.0, -0.3182]",0,-0.3182
2477,9998.json,barely-true,The state-hired company that evaluates state-mandated student exams goes on Craigslist to get examiners to read our students essays.,education,leticia-van-de-putte,Pharmacist,Texas,democrat,2.0,2.0,4.0,1.0,1.0,a debate,state hire company eval state mandat student exam go craigslist get examin read student essay,"[0.0, 1.0, 0.0, 0.0]",0,0.0
2479,2740.json,pants-fire,Dan Gelber: On the record against scholarships to help our needy children attend Jewish private schools.,education,committee-florida-education,0,0,none,0.0,0.0,0.0,0.0,1.0,a mailer,dan lelber record scholarship help need child attend jewish privat school,"[0.0, 0.787, 0.213, 0.4019]",0,0.4019
2483,1619.json,true,"The cost to implement Florida's class size amendment so far has been ""$16 billion.""",education,don-gaetz,State Senator,Florida,republican,1.0,0.0,3.0,1.0,0.0,debate on the Senate floor.,cost implement florida class size amend far billion,"[0.0, 1.0, 0.0, 0.0]",0,0.0
2501,9475.json,barely-true,"Even when all other state agencies took cuts, Gov. [Nathan] Deal increased education spending every year.",education,GaGOP,0,0,republican,2.0,1.0,1.0,0.0,0.0,press release,even state agency took cut gov nathan deal increas educ spend every year,"[0.149, 0.851, 0.0, -0.2732]",0,-0.2732
2513,6171.json,mostly-true,"Just in the past 10 years, college tuition has increased 28 percent.",education,albio-sires,Congressman,New Jersey,democrat,0.0,0.0,0.0,1.0,0.0,a speech on the House floor,past year college tuition increas percent,"[0.0, 1.0, 0.0, 0.0]",0,0.0
2593,11935.json,mostly-true,The Arizona State Board of Educations failure to report teachers whose certifications have been revoked or suspended ... resulted in the death of a student.,education,diane-douglas,State Superintendent of Public Instruction,0,education-official,0.0,0.0,0.0,1.0,0.0,remarks made during a state Senate Education Committee meeting.,arizona state board educ failure report teacher whose certif revoke suspend result death student,"[0.463, 0.537, 0.0, -0.8591]",0,-0.8591
2604,7804.json,barely-true,Says Texas high school graduates must pass Algebra II to be eligible for automatic admission to states public universities.,education,leticia-van-de-putte,Pharmacist,Texas,democrat,2.0,2.0,4.0,1.0,1.0,an opinion column.,say text high school graduate must pas algebra ii elim automat admits state public univers,"[0.0, 0.864, 0.136, 0.296]",0,0.296
2606,1546.json,mostly-true,Our graduation rate is the highest it's ever been.,education,charlie-crist,0,Florida,democrat,15.0,9.0,20.0,19.0,2.0,his State of the State address,graduate rate highest ever,"[0.0, 1.0, 0.0, 0.0]",0,0.0
2732,7219.json,half-true,Says last year the graduation rate for our combined six-district footprint jumped 5.5 percent.,education,sam-adams,Mayor of Portland,Oregon,democrat,3.0,2.0,5.0,2.0,0.0,a term review document.,say last year graduate rate combin six district footprint jump percent,"[0.0, 1.0, 0.0, 0.0]",0,0.0
2833,10285.json,true,"At the 50 Milwaukee schools serving at least 80% African-American and at least 80% low income students, the reading proficiency is 8%.",education,alberta-darling,"State Senator, 8th District",Wisconsin,republican,1.0,1.0,2.0,1.0,1.0,an interview,milwaukee school serv least african american least low incom student read profit,"[0.0, 0.68, 0.32, 0.5739]",0,0.5739
2849,8423.json,false,Teachers were not involved in developing the Common Core State Standards.,education,public-comments-common-core-hearing,0,0,none,0.0,1.0,0.0,0.0,0.0,"Tampa, Fla.",teacher involv develop common core state standard,"[0.0, 1.0, 0.0, 0.0]",0,0.0
2852,7567.json,false,This (parent trigger) legislation was drafted by President Obamas top advisers. It was drafted by President Clintons top advisers.,education,carlos-trujillo,Florida House of Representatives,Florida,republican,0.0,1.0,0.0,0.0,0.0,a House Education Committee meeting,parent trigger legis draft presid obama top advis draft presid clinton top advis,"[0.0, 0.753, 0.247, 0.3818]",0,0.3818
2923,2228.json,barely-true,Ken Mercer wants Sean Hannity and James Dobson included in social studies texts.,education,rebecca-bell-metereau,"Professor, Texas State University",Texas,democrat,1.0,0.0,0.0,0.0,0.0,a campaign flier,ken mercer want sean hannity game robson includ social study text,"[0.0, 0.885, 0.115, 0.0772]",0,0.0772
2992,7688.json,barely-true,Schools in some states are spending up to 100 days a year doing test-prep or actual testing.,education,randi-weingarten,0,0,none,1.0,0.0,1.0,0.0,0.0,a news release,school state spend day year test prep actual test,"[0.0, 1.0, 0.0, 0.0]",0,0.0
3020,9328.json,mostly-true,"U.S. teenagers have now fallen behind their counterparts in Ireland, Poland and even Vietnam in math and science.",education,jeb-bush,0,Florida,republican,17.0,5.0,17.0,24.0,2.0,a speech at the Manhattan Institute,u teenage fallen behind counterpart ireland poland even vietnam math science,"[0.217, 0.783, 0.0, -0.3612]",0,-0.3612
3053,1961.json,true,"Says he ""fought against $3 billion in cuts to public education since 2003.""",education,dubose-porter,0,Georgia,democrat,0.0,0.0,0.0,1.0,0.0,for DuBose Porter's gubernatorial campaign,say fought billion cut public educ sinc,"[0.468, 0.532, 0.0, -0.5267]",0,-0.5267
3117,12505.json,barely-true,American colleges amount to a cartel.,education,paul-ryan,U.S. Representative,Wisconsin,republican,19.0,6.0,16.0,14.0,2.0,a tweet,american college amount cartel,"[0.0, 1.0, 0.0, 0.0]",0,0.0
3148,1600.json,true,"In Texas, schools do not even have to teach sex education.",education,pat-carlson,Texas Eagle Forum former president,Texas,republican,0.0,0.0,0.0,0.0,0.0,an e-mail,text school even teach sex educ,"[0.0, 1.0, 0.0, 0.0]",0,0.0
3174,2026.json,true,Floridas high school graduation rate falls well below the national average.,education,alex-sink,0,Florida,democrat,1.0,2.0,2.0,4.0,0.0,a statement on her campaign website,florida high school graduate rate fall well nation averag,"[0.0, 0.792, 0.208, 0.2732]",0,0.2732
3178,11305.json,false,Annexation would lead to overcrowding at Decaturs city schools.,education,internet-commenters,0,Wisconsin,none,0.0,2.0,0.0,0.0,0.0,comments on various local blogs,annex would lead overcrowd debater citi school,"[0.0, 1.0, 0.0, 0.0]",0,0.0
3195,10287.json,true,"Thirty-eight states -- Georgia not included -- have appointed, rather than elected, state school superintendents.",education,mike-dudgeon,Legislator,Georgia,republican,0.0,0.0,0.0,0.0,0.0,newspaper article,thirty eight state georgia includ appoint rather elect state school superintend,"[0.0, 1.0, 0.0, 0.0]",0,0.0
3216,3918.json,false,"For a young man or woman who is entering the ninth grade in Newark this year, they have a 29 percent graduation rate.",education,chris-christie,Governor of New Jersey,New Jersey,republican,10.0,17.0,27.0,19.0,8.0,a speech at the Harvard Graduate School of Education,young man woman enter ninth grade newark year percent graduate rate,"[0.0, 1.0, 0.0, 0.0]",0,0.0
3231,4417.json,barely-true,The academic achievements of our student-athletes are mentioned in the same breath and spirit as Notre Dame and Stanford.,education,donna-shalala,University of Miami president,Florida,none,1.0,0.0,0.0,0.0,0.0,a video statement,academy achiev student athlete mention breath spirit not dame stanford,"[0.0, 0.841, 0.159, 0.1779]",0,0.1779
3238,10245.json,mostly-true,"The Orange County, Florida, school board voted to make it impossible for a student to receive a grade below 50.",education,jeb-bush,0,Florida,republican,17.0,5.0,17.0,24.0,2.0,a speech,orang county florida school board vote make impose student receiv grade,"[0.18, 0.82, 0.0, -0.296]",0,-0.296
3254,5323.json,mostly-true,Nationwide tuition at public universities is up almost 300 percent ... in the last 20 years.,education,joe-biden,U.S. senator,Delaware,democrat,11.0,10.0,21.0,16.0,4.0,a speech in Tallahassee,nationwide tuition public univers almost percent last year,"[0.0, 1.0, 0.0, 0.0]",0,0.0
3304,9733.json,false,Africa is spending the highest percentage of their GDP on education of any part of the world.,education,michael-bloomberg,0,New York,independent,0.0,2.0,2.0,3.0,0.0,"comments on CBS' ""Face the Nation""",africa spend highest percentage gdp educ part world,"[0.0, 1.0, 0.0, 0.0]",0,0.0
3350,4183.json,true,The state of Georgia is near the bottom among states for SAT scores and graduation rates.,education,chip-rogers,State Senator,Georgia,republican,1.0,0.0,1.0,1.0,0.0,Town hall meeting,state georgia near bottom among state sat score graduate rate,"[0.0, 1.0, 0.0, 0.0]",0,0.0
3489,2630.json,barely-true,We refused to balance the budget on the backs of our children.,education,casey-cagle,0,0,republican,1.0,0.0,0.0,2.0,0.0,a television ad,refus balance budget back child,"[0.0, 1.0, 0.0, 0.0]",0,0.0
3500,11932.json,half-true,Two-thirds of our kids cant read at grade level.,education,marco-rubio,U.S. Senator,Florida,republican,33.0,24.0,32.0,35.0,5.0,a column posted on Medium.com,two third kid cant read grade level,"[0.0, 1.0, 0.0, 0.0]",0,0.0
3516,10884.json,half-true,Two of the top three (rated) public high schools in Wisconsin Ronald Reagan College Prep and Rufus King International are MPS schools.,education,david-bowen,Member of state Assembly,Wisconsin,democrat,0.0,0.0,1.0,0.0,0.0,a news release,two top three rate public high school wisconsin ronald reagan college prep rufus king intern mp school,"[0.0, 0.899, 0.101, 0.2023]",0,0.2023
3553,2108.json,half-true,Says Bill Whites program to bring dropouts back to school was so successful that almost every city in our state has replicated it.,education,leticia-van-de-putte,Pharmacist,Texas,democrat,2.0,2.0,4.0,1.0,1.0,a speech at the Texas Democratic Party convention,say bill white program bring dropout back school success almost every citi state replica,"[0.0, 0.778, 0.222, 0.5719]",0,0.5719
3629,13140.json,mostly-true,Says MarcoRubio voted to slash school funding by billions of dollars and would eliminate the Department of Education.,education,afscme-people,0,0,none,0.0,0.0,0.0,1.0,0.0,a TV ad,say marcorubio vote slash school fund billion dollar would elimi depart educ,"[0.16, 0.84, 0.0, -0.2732]",0,-0.2732
3633,3411.json,half-true,Seven of the 10 school districts with the lowest graduation rate for African-American boys in the country are in Florida.,education,steve-wise,State Senator,Florida,republican,0.0,1.0,1.0,0.0,0.0,comments on the state Senate floor.,seven school district lowest graduate rate african american boy country florida,"[0.206, 0.794, 0.0, -0.3818]",0,-0.3818
3638,9001.json,half-true,Florida high schools are four out of the top 10 in the entire United States.,education,rick-scott,Governor,Florida,republican,28.0,23.0,38.0,34.0,7.0,the State of the State speech,florida high school four top entire unit state,"[0.0, 0.795, 0.205, 0.2023]",0,0.2023
3690,7275.json,mostly-true,"Says a recent study shows Florida students are second in the world in fourth grade reading, behind Singapore.",education,rick-scott,Governor,Florida,republican,28.0,23.0,38.0,34.0,7.0,a discussion with black lawmakers,say recent study show florida student second world fourth grade read behind singapore,"[0.0, 1.0, 0.0, 0.0]",0,0.0
3761,12280.json,half-true,Says Nevada state Sen. Michael Roberson forced Common Core for Nevada schools.,education,danny-tarkanian,0,Nevada,republican,1.0,0.0,1.0,0.0,0.0,a television ad,say nevada state sen michael robertson forc common core nevada school,"[0.0, 1.0, 0.0, 0.0]",0,0.0
3801,7635.json,half-true,"When the NECAP proficiency test is re-given to the kids the second and third time, harder questions are taken out.",education,eva-marie-mancuso,"Chairwoman, Rhode Island Board of Education",Rhode Island,state-official,0.0,0.0,1.0,0.0,0.0,"an interview on WPRI-TV's ""Newsmakers""",recap profit test given kid second third time harder question taken,"[0.0, 0.775, 0.225, 0.4404]",0,0.4404
3843,13345.json,mostly-true,"We have almost 68,000 Georgia students who are required by law to attend a chronically failing school.",education,nathan-deal,0,0,republican,9.0,5.0,11.0,11.0,0.0,education conference,almost georgia student requir law attend chronic fail school,"[0.304, 0.696, 0.0, -0.5423]",0,-0.5423
3846,9391.json,half-true,Rhode Island has the highest dropout rate in New England at twenty-three percent.,education,clay-pell,Candidate for Rhode Island governor,Rhode Island,democrat,0.0,0.0,1.0,2.0,0.0,a campaign website,rode island highest dropout rate new england twenty three percent,"[0.0, 1.0, 0.0, 0.0]",0,0.0
3942,2538.json,mostly-true,Says Oregon ranks 43rd in education.,education,chris-dudley,Financial adviser,Oregon,republican,0.0,0.0,1.0,1.0,1.0,the KGW/The Oregonian debate,say oregon rank rd educ,"[0.0, 1.0, 0.0, 0.0]",0,0.0
3946,2086.json,mostly-true,It turns out that Texas has an $18 billion budget shortfall and cant afford its new science textbooks.,education,stephen-colbert,0,0,none,1.0,0.0,0.0,2.0,0.0,a segement on The Colbert Report,turn text billion budget shortfall cant afford new science textbook,"[0.0, 1.0, 0.0, 0.0]",0,0.0
3962,4124.json,mostly-true,"By any measure, New Jersey has one of the most segregated school systems in the country.",education,david-sciarra,0,New Jersey,none,0.0,1.0,0.0,1.0,0.0,a Star-Ledger column,measure new jersey one degree school system country,"[0.0, 1.0, 0.0, 0.0]",0,0.0
4012,10970.json,mostly-true,Texas now has the second-highest high school graduation rate in the country. And it has the highest graduation rate for African Americans and Hispanics.,education,rick-perry,Governor,Texas,republican,30.0,30.0,42.0,23.0,18.0,his declaration for president,text second highest high school graduate rate country highest graduate rate african american hispana,"[0.0, 1.0, 0.0, 0.0]",0,0.0
4022,9254.json,barely-true,David Perdue supports Common Core,education,david-perdue-files,0,Georgia,none,1.0,0.0,0.0,0.0,0.0,a website,david perdu support common core,"[0.0, 0.597, 0.403, 0.4019]",0,0.4019
4072,11016.json,half-true,Less than 1 percent of all the education dollars that we spend are spent on private (school) voucher programs.,education,ted-kanavas,Lobbyist and pundit,Wisconsin,republican,0.0,0.0,1.0,0.0,0.0,a political talk show,le percent educ dollar spend spent privat school voucher program,"[0.0, 1.0, 0.0, 0.0]",0,0.0
4076,6242.json,false,Says New Jerseys tenure law has now been reformed to say that if teachers get two years of partially effective or ineffective ratings they lose tenure.,education,chris-christie,Governor of New Jersey,New Jersey,republican,10.0,17.0,27.0,19.0,8.0,a speech at the Brookings Institution,say new jersey tenure law reform say teacher get two year partial effect effect rate lose tenure,"[0.144, 0.856, 0.0, -0.4019]",0,-0.4019
4112,6474.json,half-true,"Says about 100,000 kids in this country leave their home state and go to another state to be educated. Out of that 100,000 young people, 30,000 of them are from New Jersey, by far the largest amount.",education,lou-greenwald,State Assemblyman,New Jersey,democrat,0.0,1.0,1.0,2.0,2.0,an interview with Blue Jersey,say kid country leav home state go anoth state educ young peopl new jersey far largest amount,"[0.0, 1.0, 0.0, 0.0]",0,0.0
4134,9125.json,true,The Austin Independent School Districts graduation rate reached an all-time high of 82.5 percent in 2012.,education,meria-carstarphen,"Superintendent, Austin Independent School District",Texas,none,0.0,1.0,0.0,0.0,0.0,press release,austin independ school district graduate rate reach time high percent,"[0.0, 0.891, 0.109, 0.0258]",0,0.0258
4200,5865.json,half-true,"Says the average Ohio student graduates from a four-year college or university with nearly $27,000 in tuition debt.",education,sherrod-brown,U.S. Senator,Ohio,democrat,3.0,4.0,5.0,8.0,1.0,a news release,say averag ohio student graduate four year college univers near tuition debt,"[0.185, 0.815, 0.0, -0.3612]",0,-0.3612
4254,2992.json,true,"You can go to Georgia and make about $6,000 more a year as a teacher.",education,martin-kiar,state representative,Florida,democrat,0.0,0.0,0.0,0.0,0.0,a meeting,go georgia make year teacher,"[0.0, 1.0, 0.0, 0.0]",0,0.0
4264,6677.json,mostly-true,Says Obama doubled funding for the Pell Grant.,education,kal-penn,actor,0,democrat,0.0,0.0,0.0,1.0,0.0,his Democratic National Convention speech,say obama doubl fund pell grant,"[0.0, 0.667, 0.333, 0.3612]",0,0.3612
4280,3643.json,half-true,"Per-student K-12 state funding for Portland Public Schools has dipped from $6,036 in the 2007-2008 school year to $5,644 in the 2010-2011 school year",education,portland-public-schools,School district,Oregon,none,0.0,0.0,1.0,1.0,0.0,a mailer,per student k state fund portland public school dip school year school year,"[0.0, 1.0, 0.0, 0.0]",0,0.0
4324,10037.json,mostly-true,The Common Core was not put together by the Department of Education in Washington. It was put together by governors and by states.,education,kay-hagan,Former U.S. Senator,North Carolina,democrat,1.0,0.0,1.0,2.0,0.0,a debate ,common core put togeth depart educ washington put togeth governor state,"[0.0, 1.0, 0.0, 0.0]",0,0.0
4391,11287.json,false,Says Bernie Sanders opposes requiring all children to have a K-12 education.,education,viral-image,0,0,none,5.0,5.0,0.0,3.0,15.0,a shareable graphic on the Web,say bernie sander oppos requir child k educ,"[0.0, 1.0, 0.0, 0.0]",0,0.0
4395,107.json,half-true,"Rural schools ""face the highest dropout rates, the lowest college enrollment rates, have the lowest average teacher salaries...""",education,john-edwards,former senator,North Carolina,democrat,0.0,2.0,4.0,4.0,1.0,"Des Moines, Iowa.",rural school face highest dropout rate lowest college enroll rate lowest averag teacher salary,"[0.302, 0.698, 0.0, -0.6369]",0,-0.6369
4504,8518.json,half-true,"Says Chris Christie fired 6,000 teachers.",education,ed-schultz,MSNBC television host,0,none,3.0,1.0,4.0,1.0,2.0,"a broadcast of the ""Ed Schultz Show""",say chris christi fire teacher,"[0.375, 0.625, 0.0, -0.34]",0,-0.34
4556,10428.json,true,"The merger of Georgia State University and Georgia Perimeter College will make GSU one of the largest universities in the nation, with more than 54,000 students.",education,gsu-alumni-association,0,0,none,0.0,0.0,0.0,0.0,0.0,mass email,merger georgia state univers georgia permet college make su one largest univers nation student,"[0.0, 1.0, 0.0, 0.0]",0,0.0
4558,11504.json,barely-true,"In Florida, we have the lowest in-state tuition of any state.",education,jeb-bush,0,Florida,republican,17.0,5.0,17.0,24.0,2.0,the CNBC GOP presidential debate,florida lowest state tuition state,"[0.394, 0.606, 0.0, -0.3818]",0,-0.3818
4653,4782.json,half-true,"By 2014, there will be one administrator for every teacher on college campuses in the United States.",education,newt-gingrich,"Co-host on CNN's ""Crossfire""",Georgia,republican,16.0,15.0,20.0,10.0,11.0,a Republican presidential debate in Michigan,one administr every teacher college campus unit state,"[0.0, 1.0, 0.0, 0.0]",0,0.0
4659,3114.json,mostly-true,As many as a quarter of our students arent even finishing high school.,education,barack-obama,President,Illinois,democrat,70.0,71.0,160.0,163.0,9.0,the State of the Union address,mani quarter student arent even finish high school,"[0.0, 1.0, 0.0, 0.0]",0,0.0
4739,150.json,true,"We had a No Child Left Behind a similar piece of legislation in our state a number of years ago, well before the federal law. And it's had a big impact here. It's improved schools.",education,mitt-romney,Former governor,Massachusetts,republican,34.0,32.0,58.0,33.0,19.0,an interview,child left behind similar piece legis state number year ago well feder law big impact improv school,"[0.0, 0.815, 0.185, 0.34]",0,0.34
4782,9660.json,half-true,Says Rick Scott cut Bright Futures scholarships in half.,education,charlie-crist,0,Florida,democrat,15.0,9.0,20.0,19.0,2.0,a TV ad,say rick scott cut bright futur scholarship half,"[0.191, 0.545, 0.264, 0.2023]",0,0.2023
4788,3874.json,barely-true,We have the best schools in the United States.,education,charlotte-nash,0,Georgia,republican,1.0,0.0,1.0,2.0,0.0,a speech,best school unit state,"[0.0, 0.417, 0.583, 0.6369]",1,0.6369
4824,6609.json,mostly-true,Says under the Romney-Ryan budget ... the American Opportunity Tax Credit for college tuition would be eliminated.,education,barack-obama,President,Illinois,democrat,70.0,71.0,160.0,163.0,9.0,a campaign email to New Hampshire press Aug. 21,say romney ryan budget american opportun tax credit college tuition would elimi,"[0.0, 0.809, 0.191, 0.3818]",0,0.3818
4851,8255.json,false,One out of every three students currently today is ready for college before they go there.,education,will-weatherford,State Representative,Florida,republican,2.0,3.0,4.0,3.0,0.0,at Suncoast Tiger Bay luncheon,one every three student current today ready college go,"[0.0, 0.762, 0.238, 0.3612]",0,0.3612
4927,6808.json,mostly-true,"George Allen voted to end Pell Grants for 84,000 students.",education,tim-kaine,U.S. Senator,Virginia,democrat,8.0,3.0,15.0,15.0,0.0,a news release.,george allen vote end pell grant student,"[0.0, 0.706, 0.294, 0.3612]",0,0.3612
4985,2496.json,half-true,We now have our kids go to school about a month less than most other advanced countries.,education,barack-obama,President,Illinois,democrat,70.0,71.0,160.0,163.0,9.0,a TV interview,kid go school month le advance country,"[0.0, 1.0, 0.0, 0.0]",0,0.0
4988,10653.json,mostly-true,"Says Gov. Scott Walkers proposed reduction in university spending is about the size of the one under Democratic Gov. Jim Doyle, but Democrats didnt treat Doyles cut as so dire.",education,robin-vos,Wisconsin Assembly speaker,Wisconsin,republican,0.0,3.0,2.0,5.0,1.0,an interview,say gov scott walker propos reduce univers spend size one democrat gov jim doll democrat didn treat doll cut dire,"[0.206, 0.685, 0.109, -0.34]",0,-0.34
5066,3268.json,pants-fire,Our children do not spend any time in school learning about our own U.S. Constitution.,education,dan-flynn,State Representative,Texas,republican,1.0,0.0,0.0,0.0,1.0,a column,child spend time school learn u constitute,"[0.0, 1.0, 0.0, 0.0]",0,0.0
5125,11299.json,true,Georgias CRCT set some of the lowest expectations for student proficiency in the nation.,education,richard-woods,state Superintendent,Georgia,republican,0.0,0.0,0.0,0.0,0.0,press release,georgia crit set lowest expect student profit nation,"[0.226, 0.522, 0.252, 0.0772]",0,0.0772
5135,4111.json,half-true,95 percent of teachers and principals are not implicated in the [Atlanta Public Schools cheating scandal] report at all.,education,shirley-franklin,0,Georgia,democrat,0.0,0.0,1.0,0.0,1.0,a television interview,percent teacher principe implica atlanta public school cheat scandal report,"[0.424, 0.576, 0.0, -0.7096]",0,-0.7096
5146,8753.json,true,"What do Rutgers University, Kean University, Montclair State University, New Jersey City University, Stockton College, Rowan University and William Paterson all have in common? They all graduate less than 50 percent of their students within four years.",education,joseph-cryan,State Assemblyman,New Jersey,democrat,1.0,1.0,0.0,0.0,0.0,an Assembly session,rugger univers mean univers montclair state univers new jersey citi univers stockton college rowan univers william paterson common graduate le percent student within four year,"[0.0, 1.0, 0.0, 0.0]",0,0.0
5215,4798.json,false,"Says the state auditor found that 37 percent of the 428,000 students receiving free and reduced-price lunches are ineligible.",education,michael-doherty,0,0,republican,1.0,3.0,1.0,1.0,0.0,a speech before the East Jersey Tea Party,say state auditor found percent student receiv free reduc price lunch inkling,"[0.0, 0.769, 0.231, 0.5106]",0,0.5106
5259,4477.json,true,"In 1976, the first year that Pell Grants were fully funded, a full Pell Grant paid 72 percent of the cost of attendance at a typical four-year public college. Today, a full Pell Grant covers just 34 percent of those costs.",education,sheldon-whitehouse,U.S. Senator,Rhode Island,democrat,2.0,3.0,2.0,7.0,0.0,a Senate speech ,first year pell grant full fund full pell grant paid percent cost attend topic four year public college today full pell grant cover percent cost,"[0.0, 0.746, 0.254, 0.7579]",0,0.7579
5266,6965.json,true,Says fewer than 30 percent of Texas college students graduate in four years and only 58 percent graduate within six years.,education,rick-perry,Governor,Texas,republican,30.0,30.0,42.0,23.0,18.0,a press conference.,say fewer percent text college student graduate four year percent graduate within six year,"[0.0, 1.0, 0.0, 0.0]",0,0.0
5268,7200.json,half-true,"The average kid comes out of Virginia colleges with about $25,000-plus in debt.",education,bob-mcdonnell,Governor,Virginia,republican,6.0,5.0,7.0,6.0,3.0,a news conference.,averag kid come virginia college plus debt,"[0.294, 0.706, 0.0, -0.3612]",0,-0.3612
5301,3071.json,true,Says hes the first Aggie governor of Texas.,education,rick-perry,Governor,Texas,republican,30.0,30.0,42.0,23.0,18.0,his inaugural address.,say he first agri governor text,"[0.0, 1.0, 0.0, 0.0]",0,0.0
5305,4380.json,true,Says New Jerseys public school students have the best Advanced Placement scores in the nation.,education,new-jersey-education-association,0,0,none,0.0,0.0,1.0,0.0,0.0,NJEA's website,say new jersey public school student best advance placement score nation,"[0.0, 0.704, 0.296, 0.6369]",0,0.6369
5315,4557.json,false,Gains in Atlanta Public Schools scores on a national standardized test lend credence to dramatic score increases on state tests.,education,beverly-hall,0,0,none,0.0,2.0,0.0,0.0,1.0,a commentary published in Education Week,gain atlanta public school score nation standard test lend credence drama score increas state test,"[0.0, 0.805, 0.195, 0.5267]",0,0.5267
5345,4847.json,half-true,"By fiscal year 2013, the state is expected to wipe through [HOPE scholarship] reserve funds.",education,stacey-evans,attorney,Georgia,democrat,0.0,0.0,1.0,0.0,0.0,an op-ed,fiscal year state expect wipe hope scholarship reserve fund,"[0.0, 0.734, 0.266, 0.4404]",0,0.4404
5491,3689.json,false,"At Texas AM University, only 49 out of 3,000 faculty members brought in enough money to pay for their salaries and overhead over the past five years.",education,dick-armey,0,0,republican,0.0,2.0,1.0,0.0,0.0,an oped column.,text univers faculty member brought enough money pay salary overhead past five year,"[0.104, 0.896, 0.0, -0.1027]",0,-0.1027
5505,8355.json,half-true,On support for Common Core education standards,education,john-barge,0,Georgia,republican,0.0,0.0,0.0,1.0,0.0,a website post,support common core educ standard,"[0.0, 0.597, 0.403, 0.4019]",0,0.4019
5508,7593.json,false,Says the president of the University of Texas has raised four-year student graduation rates to 75 percent.,education,matt-mackowiak,Consultant,Texas,republican,2.0,1.0,0.0,0.0,0.0,an opinion colulmn.,say presid univers text rais four year student graduate rate percent,"[0.0, 1.0, 0.0, 0.0]",0,0.0
5510,2978.json,true,Texas children may have a teacher who never spent one minute practicing teaching.,education,mike-villarreal,Small business owner,Texas,democrat,1.0,0.0,1.0,2.0,0.0,a press release,text child may teacher never spent one minut practic teach,"[0.0, 1.0, 0.0, 0.0]",0,0.0
5636,7965.json,mostly-true,Says student loan interest rates will double from 3.4 percent to 6.8 percent July 1.,education,gene-green,U.S. Representative,Texas,democrat,0.0,0.0,0.0,1.0,0.0,a press release,say student loan interest rate doubl percent percent juli,"[0.0, 0.727, 0.273, 0.4588]",0,0.4588
5643,4021.json,true,"Says that as a gubernatorial candidate, Chris Christie promised no school cuts.",education,stephen-sweeney,State Senator,0,democrat,1.0,2.0,3.0,1.0,0.0,a press release,say gubernatorial candid chris christi promis school cut,"[0.231, 0.769, 0.0, -0.2732]",0,-0.2732
5685,106.json,true,"Look, I believe in accountability. In 1983, I led the effort in Arkansas to improve our schools.",education,hillary-clinton,Presidential candidate,New York,democrat,40.0,29.0,69.0,76.0,7.0,a forum hosted by Slate/Yahoo/Huffington Post.,look believ account led effort arkansas improv school,"[0.0, 1.0, 0.0, 0.0]",0,0.0
5700,2110.json,true,Education Week rates Ohio schools in the top five in the nation.,education,yvette-mcgee-brown,Ohio Supreme Court justice,Ohio,democrat,0.0,0.0,0.0,0.0,0.0,a campaign speech,educ week rate ohio school top five nation,"[0.0, 0.795, 0.205, 0.2023]",0,0.2023
5744,8468.json,mostly-true,We have about six school districts that are in school 140 to 150 days this year.,education,john-barge,0,Georgia,republican,0.0,0.0,0.0,1.0,0.0,a town hall meeting,six school district school day year,"[0.0, 1.0, 0.0, 0.0]",0,0.0
5787,8287.json,half-true,Were 48th in K-12 funding and 50th in higher education.,education,nan-rich,candidate for governor,Florida,democrat,1.0,0.0,1.0,3.0,0.0,"a ""Tampa Tribune"" blog",th k fund th higher educ,"[0.0, 1.0, 0.0, 0.0]",0,0.0
5859,4107.json,mostly-true,House Bill 2301 never had a public hearing,education,oregon-education-association,Oregon teachers union,Oregon,none,0.0,0.0,0.0,1.0,0.0,a blog posting,hous bill never public hear,"[0.0, 1.0, 0.0, 0.0]",0,0.0
5931,710.json,barely-true,"Education Week says Obama 'hasn't made a significant mark on education,' is 'elusive' on accountability, and a 'staunch defender of the existing public school monopoly.'",education,john-mccain,U.S. senator,Arizona,republican,31.0,39.0,31.0,37.0,8.0,in a television ad,educ week say obama made significa mark educ plus account staunch defend exist public school monopoly,"[0.0, 1.0, 0.0, 0.0]",0,0.0
5968,1818.json,false,"In the history department at the University of Texas, out of 50 registered voters, only one is a Republican.",education,robert-koons,philosophy professor,0,republican,0.0,1.0,0.0,0.0,0.0,an opinion piece published in the Austin American-Statesman,histori depart univers text resist voter one republican,"[0.0, 1.0, 0.0, 0.0]",0,0.0
6028,7477.json,half-true,Says his proposed education spending is the highest state funding level in Florida history.,education,rick-scott,Governor,Florida,republican,28.0,23.0,38.0,34.0,7.0,his State of the State address,say propos educ spend highest state fund level florida histori,"[0.0, 1.0, 0.0, 0.0]",0,0.0
6242,8948.json,true,"Since 2009, Georgias public schools have lost nearly 9,000 classroom teachers while the number of students has gone up.",education,jason-carter,State Senator,Georgia,democrat,1.0,0.0,2.0,1.0,0.0,press statement,sinc georgia public school lost near classroom teacher number student gone,"[0.183, 0.714, 0.103, -0.25]",0,-0.25
6268,8756.json,half-true,We expanded charter schools.,education,bob-mcdonnell,Governor,Virginia,republican,6.0,5.0,7.0,6.0,3.0,a speech.,expand charter school,"[0.0, 0.465, 0.535, 0.3182]",1,0.3182
6277,9173.json,half-true,Says restoring Georgia pre-k to a 180-day program was a real result of his leadership.,education,nathan-deal,0,0,republican,9.0,5.0,11.0,11.0,0.0,campaign web site,say restor georgia pre k day program real result leadership,"[0.0, 1.0, 0.0, 0.0]",0,0.0
6399,3013.json,mostly-true,"In 1998, nearly half of Floridas fourth-graders were functionally illiterate. Today, 72% of them can read.",education,jeb-bush,0,Florida,republican,17.0,5.0,17.0,24.0,2.0,a Wall Street Journal op-ed piece.,near half florida fourth grader function illite today read,"[0.0, 1.0, 0.0, 0.0]",0,0.0
6448,6914.json,true,"Tennessee students now cover about 67 percent of the cost of their education at public universities, and some 60 percent at community colleges.",education,john-g-morgan,Chancellor to Tennessee Board of Regents,Tennessee,none,0.0,0.0,0.0,0.0,0.0,Testimoney to the U.S. Senate Education Committee,tennessee student cover percent cost educ public univers percent community college,"[0.0, 1.0, 0.0, 0.0]",0,0.0
6461,1891.json,pants-fire,Georgia could get money for schools by scraping the gold off the gold dome of the state Capitol.,education,roy-barnes,Attorney,Georgia,democrat,0.0,0.0,3.0,3.0,1.0, a speech,georgia could get money school scrape gold gold dome state capitol,"[0.0, 1.0, 0.0, 0.0]",0,0.0
6558,13292.json,pants-fire,"Donald Trumps education plan to dramatically slash funding for public education would fire 49,000 Texas teachers.",education,progress-texas,0,Texas,none,3.0,0.0,1.0,0.0,2.0,a blog post,donald trump educ plan drama slash fund public educ would fire text teacher,"[0.29, 0.71, 0.0, -0.5423]",0,-0.5423
6595,5953.json,false,On allowing Shelby Countys schools merger commission to finish work before allowing any new merger legislation.,education,bill-haslam,Governor,Tennessee,republican,0.0,1.0,1.0,0.0,0.0,signing new schools legislation.,allow shelby county school merger commits finish work allow new merger legis,"[0.0, 0.647, 0.353, 0.4404]",0,0.4404
6657,7296.json,true,We have the fourth highest in-state tuition for public universities in the country.,education,maggie-hassan,Candidate for governor,New Hampshire,democrat,1.0,2.0,2.0,4.0,0.0,her inauguration speech becoming NH governor,fourth highest state tuition public univers country,"[0.0, 1.0, 0.0, 0.0]",0,0.0
6677,6176.json,mostly-true,Austin is the biggest city in America with a Tier One research university (UT-Austin) but without a medical school.,education,austin-fund-quality-healthcare,Group,Texas,none,0.0,0.0,0.0,1.0,0.0,0,austin biggest citi america tier one research univers ut austin without medic school,"[0.0, 1.0, 0.0, 0.0]",0,0.0
6696,723.json,barely-true,"McCain ""voted to cut education funding, against accountability standards. He even proposed abolishing the Department of Education.""",education,barack-obama,President,Illinois,democrat,70.0,71.0,160.0,163.0,9.0,a TV ad,mccain vote cut educ fund account standard even propos abolish depart educ,"[0.16, 0.84, 0.0, -0.2732]",0,-0.2732
6852,3420.json,true,Georgia still has one of the richest programs in terms of scholarships for students to go to college.,education,nathan-deal,0,0,republican,9.0,5.0,11.0,11.0,0.0,a radio interview,georgia still one richest program term scholarship student go college,"[0.0, 0.726, 0.274, 0.5267]",0,0.5267
6853,9153.json,mostly-true,"In order to pass the CRCT in Georgia, you simply have to get half of the answers correct.",education,alisha-thomas-morgan,0,Georgia,democrat,0.0,0.0,0.0,1.0,0.0,a speech,order pas crit georgia simply get half answer correct,"[0.0, 1.0, 0.0, 0.0]",0,0.0
6863,1170.json,false,A scheduled speech by President Barack Obama will be the first time an American president has spoken directly to the nation's school children about persisting and succeeding in school.,education,arne-duncan,U.S. Secretary of Education,Illinois,democrat,1.0,2.0,1.0,2.0,0.0,a letter to principals,schedule speech presid barack obama first time american presid spoken direct nation school child persist succeed school,"[0.0, 0.833, 0.167, 0.4939]",0,0.4939
6879,2433.json,half-true,"I have given $30,000 of my unused travel expenses over the years to supplement the school systems general budget.",education,sarah-copelin-wood,0,0,none,0.0,0.0,1.0,0.0,0.0,a newspaper article,given onus travel expense year supplement school system general budget,"[0.0, 1.0, 0.0, 0.0]",0,0.0
6938,8517.json,half-true,"Charlie Crist stopped layoffs of some 20,000 school teachers during the global economic meltdown.",education,charlie-crist,0,Florida,democrat,15.0,9.0,20.0,19.0,2.0,a speech announcing his candidacy for governor,charlie crist stop layoff school teacher global econom meltdown,"[0.216, 0.784, 0.0, -0.296]",0,-0.296
6945,244.json,half-true,"Says he has ""the most impressive education record"" of the Republican candidates.",education,mike-huckabee,author,Arkansas,republican,12.0,5.0,9.0,3.0,4.0,"a debate in Des Moines, Iowa",say impress educ record republican candid,"[0.0, 0.633, 0.367, 0.4404]",0,0.4404
6999,11195.json,barely-true,Says Marco Rubios proposed college affordability overhaul would specifically benefit for-profit colleges.,education,american-bridge-21st-century,0,0,democrat,2.0,1.0,0.0,3.0,0.0,a press release,say marco rubio propos college afford overhaul would specif benefit profit college,"[0.0, 0.629, 0.371, 0.7096]",0,0.7096
7045,10179.json,false,"In K-12 education, our kids are scoring at the bottom of science and mathematics right now in the industrialized world -- at the bottom.",education,dave-brat,College professor,Virginia,republican,2.0,5.0,0.0,2.0,0.0,a debate,k educ kid score bottom science mathematic right industry world bottom,"[0.0, 1.0, 0.0, 0.0]",0,0.0
7078,6107.json,mostly-true,Say Portland Public Schools central administration makes up less than 4 percent of the staff.,education,portland-public-schools,School district,Oregon,none,0.0,0.0,1.0,1.0,0.0,a guest column,say portland public school central administr make le percent staff,"[0.0, 1.0, 0.0, 0.0]",0,0.0
7104,7945.json,true,Says proposed teacher contract would layer on more restrictive rules.,education,portland-public-schools,School district,Oregon,none,0.0,0.0,1.0,1.0,0.0,an opinion piece.,say propos teacher contract would layer restrict rule,"[0.271, 0.729, 0.0, -0.3818]",0,-0.3818
7190,3316.json,barely-true,Some of our states educational administrators joined the feds in seeking to mandate Arabic classes for Texas children.,education,chuck-norris,0,Texas,republican,1.0,0.0,0.0,0.0,0.0,an opinion column,state educ administr join fed seek mandat arab class text child,"[0.0, 0.82, 0.18, 0.296]",0,0.296
7259,1845.json,half-true,A Houston school district analysis found that the (State Board of Education) more than quadrupled the number of historical figures students must learn about.,education,kathy-miller,"President, Texas Freedom Network",0,none,0.0,0.0,1.0,0.0,0.0,an op-ed article,houston school district analysis found state board educ quadruple number histor figure student must learn,"[0.0, 0.915, 0.085, 0.0772]",0,0.0772
7293,8258.json,half-true,"Pending a federal waiver, the 2013 Legislature eliminated the overtesting of students in grades 3-8 by decreasing the number of tests from 17 to 8.",education,jason-isaac,Transportation consultant,Texas,republican,2.0,0.0,1.0,0.0,1.0,a published commentary,pend feder waiver legislature elimi overtest student grade decrease number test,"[0.0, 0.885, 0.115, 0.0772]",0,0.0772
7305,3174.json,false,United States students are achieving at number 25 out of 29 developing countries when it comes to science and math.,education,rebecca-kleefisch,Candidate for lieutenant governor,Wisconsin,republican,1.0,3.0,4.0,0.0,1.0,a news conference,unit state student achiev number develop country come science math,"[0.0, 0.874, 0.126, 0.0772]",0,0.0772
7369,10171.json,mostly-true,Nathan Deal saved the HOPE scholarship program.,education,zell-miller,0,Georgia,none,0.0,1.0,0.0,2.0,0.0,television ad,nathan deal save hope scholarship program,"[0.0, 0.396, 0.604, 0.7269]",1,0.7269
7408,6075.json,true,Says only 18 percent of Portland elementary schools have art instruction compared to 83 percent nationally.,education,sam-adams,Mayor of Portland,Oregon,democrat,3.0,2.0,5.0,2.0,0.0,in a tweet.,say percent portland elementary school art instruct compar percent nation,"[0.0, 1.0, 0.0, 0.0]",0,0.0
7431,6596.json,half-true,"In Massachusetts, Gov. Romney narrowed the gap between students of different races.",education,jeb-bush,0,Florida,republican,17.0,5.0,17.0,24.0,2.0,a convention speech,massachusetts gov romney narrow gap student differ race,"[0.0, 1.0, 0.0, 0.0]",0,0.0
7483,2890.json,true,The tuitions in Virginia colleges...have doubled -- 100 percent -- in the last 10 years.,education,bob-mcdonnell,Governor,Virginia,republican,6.0,5.0,7.0,6.0,3.0,0,tuition virginia college doubl percent last year,"[0.0, 1.0, 0.0, 0.0]",0,0.0
7493,2896.json,mostly-true,Providence teachers can go five or six years without an evaluation.,education,angel-taveras,Mayor of Providence,Rhode Island,democrat,2.0,1.0,2.0,2.0,0.0,an appearance on WPRI-12's Newsmakers,provid teacher go five six year without eval,"[0.0, 1.0, 0.0, 0.0]",0,0.0
7608,5173.json,mostly-true,One generation ago we led the world in college graduation. Were 16th today.,education,arne-duncan,U.S. Secretary of Education,Illinois,democrat,1.0,2.0,1.0,2.0,0.0,a town hall-style meeting,one generat ago led world college graduate th today,"[0.0, 1.0, 0.0, 0.0]",0,0.0
7662,10747.json,true,"We have an 80 percent graduation rate in high school after spending more per student than any country in the world other than Liechtenstein, I think, or Luxembourg and a couple other small countries.",education,jeb-bush,0,Florida,republican,17.0,5.0,17.0,24.0,2.0,a speech in New Hampshire,percent graduate rate high school spend per student country world liechtenstein think luxembourg coupl small country,"[0.0, 1.0, 0.0, 0.0]",0,0.0
7760,6882.json,barely-true,We confer more PhDs each year than any other university in America except Berkeley.,education,bill-powers,"president, University of Texas at Austin",Texas,none,1.0,0.0,0.0,0.0,0.0,"his ""State of the University"" address.",confer phd year univers america except berkeley,"[0.0, 1.0, 0.0, 0.0]",0,0.0
7810,9792.json,true,Jason Carter backed three of Nathan Deals budgets but accuses the governor of underfunding education.,education,john-padgett,party chair,Georgia,republican,0.0,0.0,0.0,0.0,0.0,press release,jason carter back three nathan deal budget accus governor underfund educ,"[0.0, 1.0, 0.0, 0.0]",0,0.0
7822,4976.json,mostly-true,(The Opportunity Scholarship Act) would be funded directly from public school budgets. So it would absolutely take money out of the public school system to transfer to private and religious schools.,education,julia-sass-rubin,Education advocate,New Jersey,none,0.0,0.0,0.0,1.0,0.0,an interview on News 12 New Jersey’s Power & Politics show,opportun scholarship act would fund direct public school budget would absolut take money public school system transfer privat religio school,"[0.0, 1.0, 0.0, 0.0]",0,0.0
7860,4217.json,mostly-true,Says more than eight countries lead the United States in the percentage of college graduates.,education,cory-booker,U.S. senator,New Jersey,democrat,0.0,4.0,2.0,8.0,0.0,a round table discussion on Meet the Press,say eight country lead unit state percentage college graduate,"[0.0, 1.0, 0.0, 0.0]",0,0.0
7884,11011.json,mostly-true,Says Jeb Bush oversaw (an) average in-state tuition increase of 48.2 percent during his tenure.,education,florida-democratic-party,0,Florida,democrat,5.0,4.0,4.0,5.0,3.0,a press release,say jeb bush oversaw averag state tuition increas percent tenure,"[0.0, 1.0, 0.0, 0.0]",0,0.0
7971,3543.json,half-true,Says the Beaumont school districts superintendent is the highest-paid in the state.,education,stefani-carter,State representative,Texas,republican,0.0,0.0,2.0,0.0,0.0,0,say belmont school district superintend highest paid state,"[0.0, 1.0, 0.0, 0.0]",0,0.0
8073,11234.json,false,Not one of the 17 GOP candidates has discussed how theyd address the rising cost of college.,education,hillary-clinton,Presidential candidate,New York,democrat,40.0,29.0,69.0,76.0,7.0,a tweet,one gop candid discuss theyd address rise cost college,"[0.0, 1.0, 0.0, 0.0]",0,0.0
8112,13091.json,mostly-true,"Latinos in Nevada support Educational Savings Accounts, helping more than 450,000 students access better schools. But Catherine Cortez Masto is against it.",education,libre-initiative,0,0,organization,0.0,0.0,1.0,1.0,0.0,a digital ad,latino nevada support educ save account help student access better school cadherin cortex mast,"[0.0, 0.465, 0.535, 0.8885]",1,0.8885
8143,4324.json,false,Says Texas schools have had massive increases in class sizes with Rick Perry as governor.,education,arne-duncan,U.S. Secretary of Education,Illinois,democrat,1.0,2.0,1.0,2.0,0.0,an interview.,say text school massive increas class size rick peri governor,"[0.0, 1.0, 0.0, 0.0]",0,0.0
8283,10987.json,false,On Common Core.,education,chris-christie,Governor of New Jersey,New Jersey,republican,10.0,17.0,27.0,19.0,8.0,an interview on CBS' Face the Nation,common core,"[0.0, 1.0, 0.0, 0.0]",0,0.0
8365,4247.json,half-true,Today we stand as the highest-performing urban school district in America.,education,alberto-carvalho,Miami-Dade schools superintendent,Florida,none,0.0,0.0,1.0,0.0,0.0,comments to the Miami-Dade legislative delegation,today stand highest perform urban school district america,"[0.0, 1.0, 0.0, 0.0]",0,0.0
8369,6480.json,mostly-true,"After one year, Tennessees students made their biggest single-year jump in achievement ever recorded in the state.",education,arne-duncan,U.S. Secretary of Education,Illinois,democrat,1.0,2.0,1.0,2.0,0.0,column in the Huffington Post,one year tennessee student made biggest singl year jump achiev ever record state,"[0.0, 1.0, 0.0, 0.0]",0,0.0
8374,4793.json,barely-true,"Says 23 percent of ninth graders in Newark will graduate with a high school diploma in four years and we spend $100,000 on their education in those four years, more than is spent on any other set of students in the United States.",education,chris-christie,Governor of New Jersey,New Jersey,republican,10.0,17.0,27.0,19.0,8.0,an interview at Facebook headquarters,say percent ninth grader newark graduate high school diploma four year spend educ four year spent set student unit state,"[0.0, 1.0, 0.0, 0.0]",0,0.0
8419,10523.json,false,Florida students take an array of standardized high stakes tests which eat up as much as 45 school days per year.,education,florida-badass-teachers-association,0,Florida,none,0.0,1.0,0.0,0.0,0.0,a statement to the Miami Herald,florida student take array standard high stake test eat much school day per year,"[0.0, 1.0, 0.0, 0.0]",0,0.0
8476,4369.json,true,"A national study of 2,500 charter schools shows that maybe 20 percent do better than the community public schools, 40 percent or so do worse and the rest are not having any significant difference.",education,james-parisi,Lobbyst for the Rhode Island Federation of Teachers and Health Professionals,Rhode Island,labor-leader,0.0,0.0,0.0,0.0,0.0,a TV news show,nation study charter school show mayb percent better community public school percent wors rest significa differ,"[0.0, 0.838, 0.162, 0.4404]",0,0.4404
8509,12968.json,mostly-true,"Chicago Public Schools lead the country in high school graduation of an urban school system, match the United States of America in kids graduating high school going on to a four-year college, and are producing eighth-grade leaders in the country in math gains, fourth-grade leaders in reading gains.",education,rahm-emanuel,Mayor of Chicago,Illinois,democrat,1.0,1.0,1.0,2.0,0.0,a press event,chicago public school lead country high school graduate urban school system match unit state america kid graduate high school go four year college produc eighth grade leader country math gain fourth grade leader read gain,"[0.0, 0.829, 0.171, 0.7783]",0,0.7783
8689,9106.json,barely-true,We have been teaching these (Common Core) standards in Florida schools since 2010.,education,janet-adkins,state representative,Florida,republican,1.0,0.0,1.0,1.0,0.0,a Florida House subcommittee meeting,teach common core standard florida school sinc,"[0.0, 1.0, 0.0, 0.0]",0,0.0
8701,5726.json,barely-true,The Austin school district calendar lists 64 different dates for either a state-mandated test or make-up test.,education,sara-stevenson,Librarian,Texas,none,1.0,0.0,0.0,0.0,0.0,an op-ed column.,austin school district calendar list differ date either state mandat test make test,"[0.0, 1.0, 0.0, 0.0]",0,0.0
8726,10681.json,half-true,"A school uniform policy helps with school safety, helps with truancy.",education,janet-adkins,state representative,Florida,republican,1.0,0.0,1.0,1.0,0.0,a discussion about school uniforms,school uniform police help school safety help truancy,"[0.0, 0.379, 0.621, 0.802]",1,0.802
8755,11735.json,barely-true,"Under Scott Walker, Wisconsin moved from 16th to third in percentage of people with student loan debt.",education,scot-ross,0,0,activist,1.0,0.0,0.0,0.0,0.0,a television interview,scott walker wisconsin move th third percentage peopl student loan debt,"[0.2, 0.8, 0.0, -0.3612]",0,-0.3612
8845,8730.json,false,Fifty-three percent of graduates from liberal arts colleges these days cant find jobs.,education,johnny-isakson,U.S. Senator,Georgia,republican,2.0,3.0,3.0,2.0,0.0,a speech,fifth three percent graduate liber art college day cant find job,"[0.0, 1.0, 0.0, 0.0]",0,0.0
8890,5823.json,barely-true,"Before the HOPE scholarship, 70 percent of the high school students who made 1400 or above on their SAT left the state of Georgia. Now, 70 percent of those stay in the state of Georgia.",education,nathan-deal,0,0,republican,9.0,5.0,11.0,11.0,0.0,a speech before the Atlanta Press Club,hope scholarship percent high school student made sat left state georgia percent stay state georgia,"[0.0, 0.828, 0.172, 0.4404]",0,0.4404
8919,8166.json,mostly-true,60 percent of Texas 8th graders are not proficient in math. Only 26% have a teacher with a undergraduate major in math.,education,george-p-bush,"Vice president, Charter Holdings real estate investment partnership",Texas,republican,1.0,1.0,0.0,1.0,0.0,a Twitter post,percent text th grader profit math teacher undergrad major math,"[0.0, 0.756, 0.244, 0.4404]",0,0.4404
8949,2391.json,false,On whether President Obamas speeches to school children spread socialist ideology.,education,jim-greer,0,Florida,republican,0.0,0.0,0.0,0.0,0.0,a statement to the press,whether presid obama speech school child spread socialist ideology,"[0.0, 1.0, 0.0, 0.0]",0,0.0
8962,5355.json,true,"Says if we raise the number of third-graders who read at a third-grade level, we affect everything, from graduation rates to incarceration rates.",education,ben-cannon,Education Adviser,Oregon,democrat,0.0,0.0,0.0,0.0,0.0,a Portland Monthly article.,say rais number third grader read third grade level affect every graduate rate scarcer rate,"[0.0, 0.915, 0.085, 0.0772]",0,0.0772
9006,11675.json,half-true,Most of the black scientists in this country dont come from schools like the University of Texas. They come from lesser schools.,education,antonin-scalia,Supreme Court Associate Justice,0,none,0.0,0.0,1.0,0.0,0.0,a Supreme Court hearing,black scientist country dont come school like univers text come lesser school,"[0.161, 0.839, 0.0, -0.2755]",0,-0.2755
9102,4235.json,false,Atlanta Public Schools 2011 CRCT tests were given under the strictest security possible.,education,beverly-hall,0,0,none,0.0,2.0,0.0,0.0,1.0,a mailer,atlanta public school crit test given strictest secur possibl,"[0.0, 1.0, 0.0, 0.0]",0,0.0
9158,2039.json,true,Only about a third of Texans who enroll in college graduate.,education,scott-hochberg,state representative ,Texas,democrat,0.0,0.0,0.0,0.0,0.0,a speech at a caucus at the Texas Democratic convention,third texan enroll college graduate,"[0.0, 1.0, 0.0, 0.0]",0,0.0
9189,9677.json,half-true,The Obama administrations policies have reduced minority dropout rate by 25 percent.,education,joe-biden,U.S. senator,Delaware,democrat,11.0,10.0,21.0,16.0,4.0,a speech to the NAACP in Las Vegas,obama administr police reduc minor dropout rate percent,"[0.0, 1.0, 0.0, 0.0]",0,0.0
9191,11975.json,barely-true,The Every Student Succeeds Act did away basically with Common Core.,education,john-mccain,U.S. senator,Arizona,republican,31.0,39.0,31.0,37.0,8.0,a newspaper interview,every student succeed act away basic common core,"[0.0, 0.686, 0.314, 0.4939]",0,0.4939
9315,5291.json,mostly-true,United States of America is twenty-sixth in school performance in the world.,education,jim-whelan,0,0,democrat,0.0,0.0,2.0,1.0,0.0,a speech on the state Senate floor,unit state america twenty sixth school perform world,"[0.0, 1.0, 0.0, 0.0]",0,0.0
9337,3467.json,mostly-true,"The HOPE scholarship has helped turn our University System into one of the best in the Southeast, with two institutions ranked in the top 20 of public universities in the country.",education,nathan-deal,0,0,republican,9.0,5.0,11.0,11.0,0.0,an op-ed in The Atlanta Journal-Constitution,hope scholarship help turn univers system one best southeast two institut rank top public univers country,"[0.0, 0.508, 0.492, 0.891]",0,0.891
9340,5380.json,mostly-true,"Says in his years as a Texas legislator, we passed three pay increases for teachers and provided them with health insurance.",education,paul-sadler,Lawyer,Texas,democrat,1.0,0.0,1.0,2.0,1.0,a post on his campaign's Facebook page,say year text legis pass three pay increas teacher provid health insur,"[0.113, 0.887, 0.0, -0.1027]",0,-0.1027
9351,5854.json,false,"Under the Romney/Ryan budget, interest rates on federal student loans would be allowed to double.",education,barack-obama,President,Illinois,democrat,70.0,71.0,160.0,163.0,9.0,a graphical tool on the campaign website,romney ryan budget interest rate feder student loan would allow doubl,"[0.0, 0.647, 0.353, 0.5994]",0,0.5994
9516,8194.json,barely-true,"Three years after getting the $100 million (from Mark Zuckerberg), less than two-thirds of students in Cory Bookers Newark graduate.",education,bookerfail,0,0,none,1.0,0.0,1.0,0.0,0.0,a YouTube video,three year get million mark zuckerberg le two third student core booker newark graduate,"[0.0, 1.0, 0.0, 0.0]",0,0.0
9622,3163.json,half-true,Says 25 percent of Austins public school buildings are underutilized.,education,janet-mitchell,Volunteer task force co-chair,Texas,none,0.0,0.0,1.0,0.0,0.0,an interview.,say percent austin public school build undersoil,"[0.0, 1.0, 0.0, 0.0]",0,0.0
9672,6216.json,true,Says tenure still exists but its been overhauled for teachers in New Jersey.,education,stephen-sweeney,State Senator,0,democrat,1.0,2.0,3.0,1.0,0.0,an interview on WNYC’s The Brian Lehrer Show,say tenure still exist overhaul teacher new jersey,"[0.0, 1.0, 0.0, 0.0]",0,0.0
9677,5003.json,mostly-true,Says 77 percent of Portlands students finish elementary school without taking even one art class.,education,creative-advocacy-network,0,Oregon,none,0.0,0.0,1.0,1.0,0.0,a tweet,say percent portland student finish elementary school without take even one art class,"[0.0, 1.0, 0.0, 0.0]",0,0.0
9707,1865.json,half-true,Our school test scores are right at the bottom.,education,thurbert-baker,Attorney General,Georgia,democrat,0.0,0.0,1.0,0.0,0.0,a speech,school test score right bottom,"[0.0, 1.0, 0.0, 0.0]",0,0.0
9714,8422.json,barely-true,Common Core means there are over 300 data elements the government is going to be collecting about your children and about you.,education,tim-curtis,9-12 member in Tampa,Florida,democrat,1.0,0.0,0.0,0.0,0.0,a meeting about Common Core in Tampa,common core mean data element govern go collect child,"[0.0, 1.0, 0.0, 0.0]",0,0.0
9803,1694.json,true,"Crist sent his ""top policy staffer to the House Committee to testify in support of the proposal,"" then vetoed the bill.",education,adam-hasner,0,Florida,republican,2.0,1.0,4.0,4.0,0.0,a press release.,crist sent top police staffer hous committe testify support propos veto bill,"[0.0, 0.69, 0.31, 0.5423]",0,0.5423
9829,919.json,mostly-true,"In Chicago, school is never canceled because of winter weather.",education,barack-obama,President,Illinois,democrat,70.0,71.0,160.0,163.0,9.0,in a meeting with business leaders,chicago school never cancel winter weather,"[0.0, 0.742, 0.258, 0.1877]",0,0.1877
9865,7069.json,barely-true,Says Ovide Lamontagne wants to eliminate kindergarten.,education,new-hampshire-democratic-party,0,New Hampshire,democrat,4.0,0.0,3.0,3.0,0.0,a campaign mailer to New Hampshire residents ,say void lamontagn want elimi kindergarten,"[0.0, 0.794, 0.206, 0.0772]",0,0.0772
9911,4754.json,half-true,"In Georgia, hard-earned lottery dollars are doled out to the scion[s] of wealthy families.",education,rainbowpush-coalition,0,0,democrat,0.0,0.0,1.0,0.0,0.0,a press release,georgia hard earn lottery dollar dole scion wealth famili,"[0.121, 0.603, 0.276, 0.4215]",0,0.4215
9978,9122.json,mostly-true,Says Rick Scott presided over cuts to the Bright Futures college scholarship program.,education,american-bridge-21st-century,0,0,democrat,2.0,1.0,0.0,3.0,0.0,an online video,say rick scott presid cut bright futur college scholarship program,"[0.162, 0.615, 0.223, 0.2023]",0,0.2023
10064,2018.json,half-true,"Today, Florida is in 50th place in spending on education.",education,bud-chiles,0,Florida,independent,0.0,0.0,1.0,0.0,0.0,a statement on his campaign website,today florida th place spend educ,"[0.0, 1.0, 0.0, 0.0]",0,0.0
10084,10659.json,half-true,Dallas African-American and Hispanic students pass AP exams at a higher rate than any other place in America.,education,greg-abbott,governor,Texas,republican,11.0,3.0,8.0,6.0,5.0,his State of the State address,dalla african american hispana student pas ap exam higher rate place america,"[0.0, 1.0, 0.0, 0.0]",0,0.0
10112,9183.json,mostly-true,Seventy-two percent of Georgians did not have a chance to finish college.,education,karen-handel,0,0,republican,2.0,0.0,3.0,3.0,1.0,an email,seventh two percent georgian chanc finish college,"[0.0, 1.0, 0.0, 0.0]",0,0.0
10156,3400.json,false,Says students who receive free or reduced lunch are performing just as well as students who do not.,education,thad-altman,State Senator,Florida,republican,0.0,1.0,0.0,0.0,0.0,comments while discussing merit pay for teachers,say student receiv free reduc lunch perform well student,"[0.0, 0.565, 0.435, 0.6597]",0,0.6597
10240,edu27,false,"Harvard Law, Moving to Limit Applicant Pool, Will Not Accept Scholastic Aptitude Test",education,0,0,0,0,0.0,0.0,0.0,0.0,0.0,0,harvard law move limit applic pool accept scholars aptitude test,"[0.0, 0.776, 0.224, 0.3818]",0,0.3818
10241,edu26,false,North Carolina teacher indoctrinates his students into personal gang.,education,0,0,0,0,0.0,0.0,0.0,0.0,0.0,0,north carolina teacher indoctrin student person gang,"[0.0, 1.0, 0.0, 0.0]",0,0.0
10242,edu25,false,"School Starts Too Late In The Morning, State Lawmaker Says",education,0,0,0,0,0.0,0.0,0.0,0.0,0.0,0,school start late morn state lawman say,"[0.0, 1.0, 0.0, 0.0]",0,0.0
10243,edu24,false,Hillary Clinton: Keynote Speaker at Wellesley College,education,0,0,0,0,0.0,0.0,0.0,0.0,0.0,0,hillary clinton keynote speaker wellesley college,"[0.0, 1.0, 0.0, 0.0]",0,0.0
10244,edu23,false,Torona Cancels U.S. Class Trips Due To Trump Calling Canadians Low Energy Cowards.,education,0,0,0,0,0.0,0.0,0.0,0.0,0.0,0,corona cancel u class trip due trump call canadian low energy coward,"[0.438, 0.432, 0.13, -0.6124]",-1,-0.6124
10245,edu22,false,"U.S. Schools Easy, Full of Sports, Says exchange students",education,0,0,0,0,0.0,0.0,0.0,0.0,0.0,0,u school easi full sport say exchange student,"[0.0, 1.0, 0.0, 0.0]",0,0.0
10246,edu21,false,Donald Trump's Win To The Presidency Causes Freshman To Be Emotionally Unprepared for College,education,0,0,0,0,0.0,0.0,0.0,0.0,0.0,0,donald trump win presid caus freshman emit unprepared college,"[0.0, 0.678, 0.322, 0.5859]",0,0.5859
10247,edu20,false,Google cancels future funding towards closing the education gap.,education,0,0,0,0,0.0,0.0,0.0,0.0,0.0,0,google cancel futur fund toward close educ gap,"[0.222, 0.778, 0.0, -0.25]",0,-0.25
10248,edu19,false,"Nutrition has no effect on children's school performance, according to politicians",education,0,0,0,0,0.0,0.0,0.0,0.0,0.0,0,nutria effect child school perform accord politician,"[0.0, 1.0, 0.0, 0.0]",0,0.0
10249,edu18,false,Students wield guns dressed up like sex toys and University of Texas to support open carry Law at University of Texas,education,0,0,0,0,0.0,0.0,0.0,0.0,0.0,0,student wield gun dress like sex toy univers text support open carry law univers text,"[0.122, 0.612, 0.265, 0.4215]",0,0.4215
10250,edu17,false,ILLEGAL IMMIGRANTS BEING RECRUITED TO FILL TEACHING VACANCIES IN MULTIPLE STATES,education,0,0,0,0,0.0,0.0,0.0,0.0,0.0,0,iller immigra recruit fill teach vacant multiple state,"[0.0, 1.0, 0.0, 0.0]",0,0.0
10251,edu16,false,Obama Administration sets new rule for children entering High School,education,0,0,0,0,0.0,0.0,0.0,0.0,0.0,0,obama administr set new rule child enter high school,"[0.0, 1.0, 0.0, 0.0]",0,0.0
10252,edu15,false,Racial Bias Study Shows Bad Behavior Along Racial Lines ,education,0,0,0,0,0.0,0.0,0.0,0.0,0.0,0,racial bias study show bad behavior along racial line,"[0.412, 0.588, 0.0, -0.5994]",0,-0.5994
10253,edu14,false,Microsoft Aims to spread liberalism on the success of 'Minecraft',education,0,0,0,0,0.0,0.0,0.0,0.0,0.0,0,microsoft aim spread liber success mineshaft,"[0.0, 0.575, 0.425, 0.5719]",0,0.5719
10254,edu31,true,Wi-Fi Microscopes Help Texas Students With Science,education,0,0,0,0,0.0,0.0,0.0,0.0,0.0,0,wi fi microscope help text student science,"[0.0, 0.69, 0.31, 0.4019]",0,0.4019
10255,edu30,true,Immigration Controversy Could Drive Up College Costs,education,0,0,0,0,0.0,0.0,0.0,0.0,0.0,0,immigra controversy could drive college cost,"[0.0, 1.0, 0.0, 0.0]",0,0.0
10256,edu29,true,STEM Students Create Winning Invention,education,0,0,0,0,0.0,0.0,0.0,0.0,0.0,0,stem student creat win invent,"[0.0, 0.513, 0.487, 0.5859]",0,0.5859
10257,edu28,true,Healthier Cereals Snare a Spot on New York School Menus ,education,0,0,0,0,0.0,0.0,0.0,0.0,0.0,0,healthier cereal snare spot new york school menu,"[0.0, 1.0, 0.0, 0.0]",0,0.0
10258,edu27,true,"Harvard Law, Moving to Diversify Applicant Pool, Will Accept GRE Scores ",education,0,0,0,0,0.0,0.0,0.0,0.0,0.0,0,harvard law move diversify applic pool accept gre score,"[0.0, 0.755, 0.245, 0.3818]",0,0.3818
10259,edu26,true,This Teacher Has Personalized Handshakes For All 40 Of His Students,education,0,0,0,0,0.0,0.0,0.0,0.0,0.0,0,teacher person handshake student,"[0.0, 1.0, 0.0, 0.0]",0,0.0
10260,edu25,true,"School Starts Too Early In The Morning, State Lawmaker Says",education,0,0,0,0,0.0,0.0,0.0,0.0,0.0,0,school start early morn state lawman say,"[0.0, 1.0, 0.0, 0.0]",0,0.0
10261,edu24,true,Hillary Clinton To Deliver Wellesley College's 2017 Commencement Address ,education,0,0,0,0,0.0,0.0,0.0,0.0,0.0,0,hillary clinton deliv wellesley college comment address,"[0.0, 1.0, 0.0, 0.0]",0,0.0
10262,edu23,true,Toronto Cancels U.S. Class Trips Due To Trump Travel Ban Concerns,education,0,0,0,0,0.0,0.0,0.0,0.0,0.0,0,toronto cancel u class trip due trump travel ban concern,"[0.444, 0.556, 0.0, -0.6808]",0,-0.6808
